(Jack_Diamonds Jack_Spade),Play,(Jack_Diamonds Jack_Spade),0.05,,,
(Jack_Diamonds Jack_Spade),Play,(Jack_Diamonds Ace_Spade),0.047536723,,,
(Jack_Diamonds Jack_Spade),Play,(Jack_Diamonds King_Spade),0.053416513,,,
(Jack_Diamonds Jack_Spade),Play,(Jack_Diamonds Queen_Spade),0.046940427,,,
(Jack_Diamonds Jack_Spade),Play,(Jack_Diamonds Ten_Spade),0.04695376,,,
(Jack_Diamonds Jack_Spade),Play,(Ace_Diamond Jack_Spade),0.063447388,,,
(Jack_Diamonds Jack_Spade),Play,(Ace_Diamond Ace_Spade),0.06299672,,,
(Jack_Diamonds Jack_Spade),Play,(Ace_Diamond King_Spade),0.053550903,,,
(Jack_Diamonds Jack_Spade),Play,(Ace_Diamond Queen_Spade),0.043972938,,,
(Jack_Diamonds Jack_Spade),Play,(Ace_Diamond Ten_Spade),0.011371817,,,
(Jack_Diamonds Jack_Spade),Play,(King_Diamond Jack_Spade),0.053548525,,,
(Jack_Diamonds Jack_Spade),Play,(King_Diamond Ace_Spade),0.027920199,,,
(Jack_Diamonds Jack_Spade),Play,(King_Diamond King_Spade),0.000941604,,,
(Jack_Diamonds Jack_Spade),Play,(King_Diamond Queen_Spade),0.020869977,,,
(Jack_Diamonds Jack_Spade),Play,(King_Diamond Ten_Spade),0.062016131,,,
(Jack_Diamonds Jack_Spade),Play,(Queen_Diamond Jack_Spade),0.063657428,,,
(Jack_Diamonds Jack_Spade),Play,(Queen_Diamond Ace_Spade),0.061323598,,,
(Jack_Diamonds Jack_Spade),Play,(Queen_Diamond King_Spade),0.00590007,,,
(Jack_Diamonds Jack_Spade),Play,(Queen_Diamond Queen_Spade),0.015451956,,,
(Jack_Diamonds Jack_Spade),Play,(Queen_Diamond Ten_Spade),0.065263941,,,
(Jack_Diamonds Jack_Spade),Play,(Ten_Diamond Jack_Spade),0.035383058,,,
(Jack_Diamonds Jack_Spade),Play,(Ten_Diamond Ace_Spade),0.0534702,,,
(Jack_Diamonds Jack_Spade),Play,(Ten_Diamond King_Spade),0.011246615,,,
(Jack_Diamonds Jack_Spade),Play,(Ten_Diamond Queen_Spade),0.028898614,,,
(Jack_Diamonds Jack_Spade),Play,(Ten_Diamond Ten_Spade),0.013920895,,,
(Jack_Diamonds Ace_Spade),Fold,(Jack_Diamonds Jack_Spade),0.03861975,,,
(Jack_Diamonds Ace_Spade),Fold,(Jack_Diamonds Ace_Spade),0.05,,,
(Jack_Diamonds Ace_Spade),Fold,(Jack_Diamonds King_Spade),0.037030602,,,
(Jack_Diamonds Ace_Spade),Fold,(Jack_Diamonds Queen_Spade),0.00280866,,,
(Jack_Diamonds Ace_Spade),Fold,(Jack_Diamonds Ten_Spade),0.035942339,,,
(Jack_Diamonds Ace_Spade),Fold,(Ace_Diamond Jack_Spade),0.060432109,,,
(Jack_Diamonds Ace_Spade),Fold,(Ace_Diamond Ace_Spade),0.001052112,,,
(Jack_Diamonds Ace_Spade),Fold,(Ace_Diamond King_Spade),0.050661813,,,
(Jack_Diamonds Ace_Spade),Fold,(Ace_Diamond Queen_Spade),0.088827971,,,
(Jack_Diamonds Ace_Spade),Fold,(Ace_Diamond Ten_Spade),0.015328728,,,
(Jack_Diamonds Ace_Spade),Fold,(King_Diamond Jack_Spade),0.074898155,,,
(Jack_Diamonds Ace_Spade),Fold,(King_Diamond Ace_Spade),0.056763285,,,
(Jack_Diamonds Ace_Spade),Fold,(King_Diamond King_Spade),0.055406073,,,
(Jack_Diamonds Ace_Spade),Fold,(King_Diamond Queen_Spade),0.041165415,,,
(Jack_Diamonds Ace_Spade),Fold,(King_Diamond Ten_Spade),0.001256768,,,
(Jack_Diamonds Ace_Spade),Fold,(Queen_Diamond Jack_Spade),0.020852371,,,
(Jack_Diamonds Ace_Spade),Fold,(Queen_Diamond Ace_Spade),0.039311648,,,
(Jack_Diamonds Ace_Spade),Fold,(Queen_Diamond King_Spade),0.06597353,,,
(Jack_Diamonds Ace_Spade),Fold,(Queen_Diamond Queen_Spade),0.042990105,,,
(Jack_Diamonds Ace_Spade),Fold,(Queen_Diamond Ten_Spade),0.064086731,,,
(Jack_Diamonds Ace_Spade),Fold,(Ten_Diamond Jack_Spade),0.059611499,,,
(Jack_Diamonds Ace_Spade),Fold,(Ten_Diamond Ace_Spade),0.009941505,,,
(Jack_Diamonds Ace_Spade),Fold,(Ten_Diamond King_Spade),0.0194623,,,
(Jack_Diamonds Ace_Spade),Fold,(Ten_Diamond Queen_Spade),0.010537078,,,
(Jack_Diamonds Ace_Spade),Fold,(Ten_Diamond Ten_Spade),0.057039454,,,
(Jack_Diamonds King_Spade),Fold,(Jack_Diamonds Jack_Spade),0.054867928,,,
(Jack_Diamonds King_Spade),Fold,(Jack_Diamonds Ace_Spade),0.051243971,,,
(Jack_Diamonds King_Spade),Fold,(Jack_Diamonds King_Spade),0.05,,,
(Jack_Diamonds King_Spade),Fold,(Jack_Diamonds Queen_Spade),0.074072038,,,
(Jack_Diamonds King_Spade),Fold,(Jack_Diamonds Ten_Spade),0.036022217,,,
(Jack_Diamonds King_Spade),Fold,(Ace_Diamond Jack_Spade),0.002325265,,,
(Jack_Diamonds King_Spade),Fold,(Ace_Diamond Ace_Spade),0.018588736,,,
(Jack_Diamonds King_Spade),Fold,(Ace_Diamond King_Spade),0.044999021,,,
(Jack_Diamonds King_Spade),Fold,(Ace_Diamond Queen_Spade),0.019752325,,,
(Jack_Diamonds King_Spade),Fold,(Ace_Diamond Ten_Spade),0.029931946,,,
(Jack_Diamonds King_Spade),Fold,(King_Diamond Jack_Spade),0.037289564,,,
(Jack_Diamonds King_Spade),Fold,(King_Diamond Ace_Spade),0.064496606,,,
(Jack_Diamonds King_Spade),Fold,(King_Diamond King_Spade),0.063750106,,,
(Jack_Diamonds King_Spade),Fold,(King_Diamond Queen_Spade),0.044403878,,,
(Jack_Diamonds King_Spade),Fold,(King_Diamond Ten_Spade),0.046843984,,,
(Jack_Diamonds King_Spade),Fold,(Queen_Diamond Jack_Spade),0.072023374,,,
(Jack_Diamonds King_Spade),Fold,(Queen_Diamond Ace_Spade),0.030252216,,,
(Jack_Diamonds King_Spade),Fold,(Queen_Diamond King_Spade),0.021771764,,,
(Jack_Diamonds King_Spade),Fold,(Queen_Diamond Queen_Spade),0.010545378,,,
(Jack_Diamonds King_Spade),Fold,(Queen_Diamond Ten_Spade),0.029820055,,,
(Jack_Diamonds King_Spade),Fold,(Ten_Diamond Jack_Spade),0.000755286,,,
(Jack_Diamonds King_Spade),Fold,(Ten_Diamond Ace_Spade),0.047524854,,,
(Jack_Diamonds King_Spade),Fold,(Ten_Diamond King_Spade),0.016661208,,,
(Jack_Diamonds King_Spade),Fold,(Ten_Diamond Queen_Spade),0.078014812,,,
(Jack_Diamonds King_Spade),Fold,(Ten_Diamond Ten_Spade),0.054043469,,,
(Jack_Diamonds Queen_Spade),Play,(Jack_Diamonds Jack_Spade),0.082698091,,,
(Jack_Diamonds Queen_Spade),Play,(Jack_Diamonds Ace_Spade),0.069922461,,,
(Jack_Diamonds Queen_Spade),Play,(Jack_Diamonds King_Spade),0.005634531,,,
(Jack_Diamonds Queen_Spade),Play,(Jack_Diamonds Queen_Spade),0.05,,,
(Jack_Diamonds Queen_Spade),Play,(Jack_Diamonds Ten_Spade),0.008761246,,,
(Jack_Diamonds Queen_Spade),Play,(Ace_Diamond Jack_Spade),0.047343674,,,
(Jack_Diamonds Queen_Spade),Play,(Ace_Diamond Ace_Spade),0.003280948,,,
(Jack_Diamonds Queen_Spade),Play,(Ace_Diamond King_Spade),0.077685229,,,
(Jack_Diamonds Queen_Spade),Play,(Ace_Diamond Queen_Spade),0.026117058,,,
(Jack_Diamonds Queen_Spade),Play,(Ace_Diamond Ten_Spade),0.002040599,,,
(Jack_Diamonds Queen_Spade),Play,(King_Diamond Jack_Spade),0.041040165,,,
(Jack_Diamonds Queen_Spade),Play,(King_Diamond Ace_Spade),0.034944518,,,
(Jack_Diamonds Queen_Spade),Play,(King_Diamond King_Spade),0.085436052,,,
(Jack_Diamonds Queen_Spade),Play,(King_Diamond Queen_Spade),0.019759823,,,
(Jack_Diamonds Queen_Spade),Play,(King_Diamond Ten_Spade),0.025321127,,,
(Jack_Diamonds Queen_Spade),Play,(Queen_Diamond Jack_Spade),0.067943582,,,
(Jack_Diamonds Queen_Spade),Play,(Queen_Diamond Ace_Spade),0.042069468,,,
(Jack_Diamonds Queen_Spade),Play,(Queen_Diamond King_Spade),0.047760951,,,
(Jack_Diamonds Queen_Spade),Play,(Queen_Diamond Queen_Spade),0.014315133,,,
(Jack_Diamonds Queen_Spade),Play,(Queen_Diamond Ten_Spade),0.051594902,,,
(Jack_Diamonds Queen_Spade),Play,(Ten_Diamond Jack_Spade),0.000199908,,,
(Jack_Diamonds Queen_Spade),Play,(Ten_Diamond Ace_Spade),0.075686966,,,
(Jack_Diamonds Queen_Spade),Play,(Ten_Diamond King_Spade),0.033806467,,,
(Jack_Diamonds Queen_Spade),Play,(Ten_Diamond Queen_Spade),0.042004377,,,
(Jack_Diamonds Queen_Spade),Play,(Ten_Diamond Ten_Spade),0.044632724,,,
(Jack_Diamonds Ten_Spade),Play,(Jack_Diamonds Jack_Spade),0.062310271,,,
(Jack_Diamonds Ten_Spade),Play,(Jack_Diamonds Ace_Spade),0.026981573,,,
(Jack_Diamonds Ten_Spade),Play,(Jack_Diamonds King_Spade),0.036418188,,,
(Jack_Diamonds Ten_Spade),Play,(Jack_Diamonds Queen_Spade),0.073427152,,,
(Jack_Diamonds Ten_Spade),Play,(Jack_Diamonds Ten_Spade),0.05,,,
(Jack_Diamonds Ten_Spade),Play,(Ace_Diamond Jack_Spade),0.042859494,,,
(Jack_Diamonds Ten_Spade),Play,(Ace_Diamond Ace_Spade),0.068096528,,,
(Jack_Diamonds Ten_Spade),Play,(Ace_Diamond King_Spade),0.039465034,,,
(Jack_Diamonds Ten_Spade),Play,(Ace_Diamond Queen_Spade),0.071498947,,,
(Jack_Diamonds Ten_Spade),Play,(Ace_Diamond Ten_Spade),0.029779213,,,
(Jack_Diamonds Ten_Spade),Play,(King_Diamond Jack_Spade),0.019158882,,,
(Jack_Diamonds Ten_Spade),Play,(King_Diamond Ace_Spade),0.027449179,,,
(Jack_Diamonds Ten_Spade),Play,(King_Diamond King_Spade),0.010627,,,
(Jack_Diamonds Ten_Spade),Play,(King_Diamond Queen_Spade),0.052214504,,,
(Jack_Diamonds Ten_Spade),Play,(King_Diamond Ten_Spade),0.052100851,,,
(Jack_Diamonds Ten_Spade),Play,(Queen_Diamond Jack_Spade),0.067536432,,,
(Jack_Diamonds Ten_Spade),Play,(Queen_Diamond Ace_Spade),0.038879646,,,
(Jack_Diamonds Ten_Spade),Play,(Queen_Diamond King_Spade),0.011828643,,,
(Jack_Diamonds Ten_Spade),Play,(Queen_Diamond Queen_Spade),0.017073003,,,
(Jack_Diamonds Ten_Spade),Play,(Queen_Diamond Ten_Spade),0.065671178,,,
(Jack_Diamonds Ten_Spade),Play,(Ten_Diamond Jack_Spade),0.045231144,,,
(Jack_Diamonds Ten_Spade),Play,(Ten_Diamond Ace_Spade),0.0199838,,,
(Jack_Diamonds Ten_Spade),Play,(Ten_Diamond King_Spade),0.034559221,,,
(Jack_Diamonds Ten_Spade),Play,(Ten_Diamond Queen_Spade),0.028993952,,,
(Jack_Diamonds Ten_Spade),Play,(Ten_Diamond Ten_Spade),0.007856167,,,
(Ace_Diamond Jack_Spade),Fold,(Jack_Diamonds Jack_Spade),0.00731493,,,
(Ace_Diamond Jack_Spade),Fold,(Jack_Diamonds Ace_Spade),0.020632799,,,
(Ace_Diamond Jack_Spade),Fold,(Jack_Diamonds King_Spade),0.026367662,,,
(Ace_Diamond Jack_Spade),Fold,(Jack_Diamonds Queen_Spade),0.022986511,,,
(Ace_Diamond Jack_Spade),Fold,(Jack_Diamonds Ten_Spade),0.075446464,,,
(Ace_Diamond Jack_Spade),Fold,(Ace_Diamond Jack_Spade),0.05,,,
(Ace_Diamond Jack_Spade),Fold,(Ace_Diamond Ace_Spade),0.021404478,,,
(Ace_Diamond Jack_Spade),Fold,(Ace_Diamond King_Spade),0.055894997,,,
(Ace_Diamond Jack_Spade),Fold,(Ace_Diamond Queen_Spade),0.020357778,,,
(Ace_Diamond Jack_Spade),Fold,(Ace_Diamond Ten_Spade),0.008350333,,,
(Ace_Diamond Jack_Spade),Fold,(King_Diamond Jack_Spade),0.010452795,,,
(Ace_Diamond Jack_Spade),Fold,(King_Diamond Ace_Spade),0.020287088,,,
(Ace_Diamond Jack_Spade),Fold,(King_Diamond King_Spade),0.074888672,,,
(Ace_Diamond Jack_Spade),Fold,(King_Diamond Queen_Spade),0.051566708,,,
(Ace_Diamond Jack_Spade),Fold,(King_Diamond Ten_Spade),0.032810878,,,
(Ace_Diamond Jack_Spade),Fold,(Queen_Diamond Jack_Spade),0.066211419,,,
(Ace_Diamond Jack_Spade),Fold,(Queen_Diamond Ace_Spade),0.047958548,,,
(Ace_Diamond Jack_Spade),Fold,(Queen_Diamond King_Spade),0.035535263,,,
(Ace_Diamond Jack_Spade),Fold,(Queen_Diamond Queen_Spade),0.075014866,,,
(Ace_Diamond Jack_Spade),Fold,(Queen_Diamond Ten_Spade),0.061404536,,,
(Ace_Diamond Jack_Spade),Fold,(Ten_Diamond Jack_Spade),0.045922967,,,
(Ace_Diamond Jack_Spade),Fold,(Ten_Diamond Ace_Spade),0.004208805,,,
(Ace_Diamond Jack_Spade),Fold,(Ten_Diamond King_Spade),0.02986015,,,
(Ace_Diamond Jack_Spade),Fold,(Ten_Diamond Queen_Spade),0.063545759,,,
(Ace_Diamond Jack_Spade),Fold,(Ten_Diamond Ten_Spade),0.071575593,,,
(Ace_Diamond Ace_Spade),Play,(Jack_Diamonds Jack_Spade),0.062679072,,,
(Ace_Diamond Ace_Spade),Play,(Jack_Diamonds Ace_Spade),0.053399304,,,
(Ace_Diamond Ace_Spade),Play,(Jack_Diamonds King_Spade),0.043686591,,,
(Ace_Diamond Ace_Spade),Play,(Jack_Diamonds Queen_Spade),0.042083898,,,
(Ace_Diamond Ace_Spade),Play,(Jack_Diamonds Ten_Spade),0.017480926,,,
(Ace_Diamond Ace_Spade),Play,(Ace_Diamond Jack_Spade),0.007792474,,,
(Ace_Diamond Ace_Spade),Play,(Ace_Diamond Ace_Spade),0.05,,,
(Ace_Diamond Ace_Spade),Play,(Ace_Diamond King_Spade),0.058530824,,,
(Ace_Diamond Ace_Spade),Play,(Ace_Diamond Queen_Spade),0.042553844,,,
(Ace_Diamond Ace_Spade),Play,(Ace_Diamond Ten_Spade),0.030793911,,,
(Ace_Diamond Ace_Spade),Play,(King_Diamond Jack_Spade),0.069389487,,,
(Ace_Diamond Ace_Spade),Play,(King_Diamond Ace_Spade),0.046260711,,,
(Ace_Diamond Ace_Spade),Play,(King_Diamond King_Spade),0.007110733,,,
(Ace_Diamond Ace_Spade),Play,(King_Diamond Queen_Spade),0.003871237,,,
(Ace_Diamond Ace_Spade),Play,(King_Diamond Ten_Spade),0.031471341,,,
(Ace_Diamond Ace_Spade),Play,(Queen_Diamond Jack_Spade),0.025210102,,,
(Ace_Diamond Ace_Spade),Play,(Queen_Diamond Ace_Spade),0.037005683,,,
(Ace_Diamond Ace_Spade),Play,(Queen_Diamond King_Spade),0.068139928,,,
(Ace_Diamond Ace_Spade),Play,(Queen_Diamond Queen_Spade),0.057299679,,,
(Ace_Diamond Ace_Spade),Play,(Queen_Diamond Ten_Spade),0.028364667,,,
(Ace_Diamond Ace_Spade),Play,(Ten_Diamond Jack_Spade),0.051684585,,,
(Ace_Diamond Ace_Spade),Play,(Ten_Diamond Ace_Spade),0.024899882,,,
(Ace_Diamond Ace_Spade),Play,(Ten_Diamond King_Spade),0.061300076,,,
(Ace_Diamond Ace_Spade),Play,(Ten_Diamond Queen_Spade),0.053226374,,,
(Ace_Diamond Ace_Spade),Play,(Ten_Diamond Ten_Spade),0.02576467,,,
(Ace_Diamond King_Spade),Play,(Jack_Diamonds Jack_Spade),0.052721983,,,
(Ace_Diamond King_Spade),Play,(Jack_Diamonds Ace_Spade),0.034991568,,,
(Ace_Diamond King_Spade),Play,(Jack_Diamonds King_Spade),0.035424398,,,
(Ace_Diamond King_Spade),Play,(Jack_Diamonds Queen_Spade),0.000277942,,,
(Ace_Diamond King_Spade),Play,(Jack_Diamonds Ten_Spade),0.07079867,,,
(Ace_Diamond King_Spade),Play,(Ace_Diamond Jack_Spade),0.011884051,,,
(Ace_Diamond King_Spade),Play,(Ace_Diamond Ace_Spade),0.06257457,,,
(Ace_Diamond King_Spade),Play,(Ace_Diamond King_Spade),0.05,,,
(Ace_Diamond King_Spade),Play,(Ace_Diamond Queen_Spade),0.014972063,,,
(Ace_Diamond King_Spade),Play,(Ace_Diamond Ten_Spade),0.064078105,,,
(Ace_Diamond King_Spade),Play,(King_Diamond Jack_Spade),0.064256928,,,
(Ace_Diamond King_Spade),Play,(King_Diamond Ace_Spade),0.085239642,,,
(Ace_Diamond King_Spade),Play,(King_Diamond King_Spade),0.089458797,,,
(Ace_Diamond King_Spade),Play,(King_Diamond Queen_Spade),0.021678689,,,
(Ace_Diamond King_Spade),Play,(King_Diamond Ten_Spade),0.018805874,,,
(Ace_Diamond King_Spade),Play,(Queen_Diamond Jack_Spade),0.032316503,,,
(Ace_Diamond King_Spade),Play,(Queen_Diamond Ace_Spade),0.020928444,,,
(Ace_Diamond King_Spade),Play,(Queen_Diamond King_Spade),0.014208024,,,
(Ace_Diamond King_Spade),Play,(Queen_Diamond Queen_Spade),0.053658447,,,
(Ace_Diamond King_Spade),Play,(Queen_Diamond Ten_Spade),0.023016897,,,
(Ace_Diamond King_Spade),Play,(Ten_Diamond Jack_Spade),0.034397591,,,
(Ace_Diamond King_Spade),Play,(Ten_Diamond Ace_Spade),0.025037062,,,
(Ace_Diamond King_Spade),Play,(Ten_Diamond King_Spade),0.040334487,,,
(Ace_Diamond King_Spade),Play,(Ten_Diamond Queen_Spade),0.02083359,,,
(Ace_Diamond King_Spade),Play,(Ten_Diamond Ten_Spade),0.058105673,,,
(Ace_Diamond Queen_Spade),Fold,(Jack_Diamonds Jack_Spade),0.077243878,,,
(Ace_Diamond Queen_Spade),Fold,(Jack_Diamonds Ace_Spade),0.045693946,,,
(Ace_Diamond Queen_Spade),Fold,(Jack_Diamonds King_Spade),0.033441669,,,
(Ace_Diamond Queen_Spade),Fold,(Jack_Diamonds Queen_Spade),0.072369205,,,
(Ace_Diamond Queen_Spade),Fold,(Jack_Diamonds Ten_Spade),0.018938898,,,
(Ace_Diamond Queen_Spade),Fold,(Ace_Diamond Jack_Spade),0.055825609,,,
(Ace_Diamond Queen_Spade),Fold,(Ace_Diamond Ace_Spade),0.072197121,,,
(Ace_Diamond Queen_Spade),Fold,(Ace_Diamond King_Spade),0.010845845,,,
(Ace_Diamond Queen_Spade),Fold,(Ace_Diamond Queen_Spade),0.05,,,
(Ace_Diamond Queen_Spade),Fold,(Ace_Diamond Ten_Spade),0.010247426,,,
(Ace_Diamond Queen_Spade),Fold,(King_Diamond Jack_Spade),0.050091744,,,
(Ace_Diamond Queen_Spade),Fold,(King_Diamond Ace_Spade),0.036662474,,,
(Ace_Diamond Queen_Spade),Fold,(King_Diamond King_Spade),0.030849101,,,
(Ace_Diamond Queen_Spade),Fold,(King_Diamond Queen_Spade),0.055027752,,,
(Ace_Diamond Queen_Spade),Fold,(King_Diamond Ten_Spade),0.079059935,,,
(Ace_Diamond Queen_Spade),Fold,(Queen_Diamond Jack_Spade),0.062702239,,,
(Ace_Diamond Queen_Spade),Fold,(Queen_Diamond Ace_Spade),0.003509398,,,
(Ace_Diamond Queen_Spade),Fold,(Queen_Diamond King_Spade),0.05079099,,,
(Ace_Diamond Queen_Spade),Fold,(Queen_Diamond Queen_Spade),0.001954534,,,
(Ace_Diamond Queen_Spade),Fold,(Queen_Diamond Ten_Spade),0.055745067,,,
(Ace_Diamond Queen_Spade),Fold,(Ten_Diamond Jack_Spade),0.054037232,,,
(Ace_Diamond Queen_Spade),Fold,(Ten_Diamond Ace_Spade),0.029551648,,,
(Ace_Diamond Queen_Spade),Fold,(Ten_Diamond King_Spade),0.002118602,,,
(Ace_Diamond Queen_Spade),Fold,(Ten_Diamond Queen_Spade),0.034762959,,,
(Ace_Diamond Queen_Spade),Fold,(Ten_Diamond Ten_Spade),0.006332727,,,
(Ace_Diamond Ten_Spade),Fold,(Jack_Diamonds Jack_Spade),0.062076483,,,
(Ace_Diamond Ten_Spade),Fold,(Jack_Diamonds Ace_Spade),0.037651256,,,
(Ace_Diamond Ten_Spade),Fold,(Jack_Diamonds King_Spade),0.035788917,,,
(Ace_Diamond Ten_Spade),Fold,(Jack_Diamonds Queen_Spade),0.066893488,,,
(Ace_Diamond Ten_Spade),Fold,(Jack_Diamonds Ten_Spade),0.064932094,,,
(Ace_Diamond Ten_Spade),Fold,(Ace_Diamond Jack_Spade),0.028437977,,,
(Ace_Diamond Ten_Spade),Fold,(Ace_Diamond Ace_Spade),0.037158607,,,
(Ace_Diamond Ten_Spade),Fold,(Ace_Diamond King_Spade),0.009277819,,,
(Ace_Diamond Ten_Spade),Fold,(Ace_Diamond Queen_Spade),0.013155279,,,
(Ace_Diamond Ten_Spade),Fold,(Ace_Diamond Ten_Spade),0.05,,,
(Ace_Diamond Ten_Spade),Fold,(King_Diamond Jack_Spade),0.00909729,,,
(Ace_Diamond Ten_Spade),Fold,(King_Diamond Ace_Spade),0.007794376,,,
(Ace_Diamond Ten_Spade),Fold,(King_Diamond King_Spade),0.013845115,,,
(Ace_Diamond Ten_Spade),Fold,(King_Diamond Queen_Spade),0.066582133,,,
(Ace_Diamond Ten_Spade),Fold,(King_Diamond Ten_Spade),0.019023274,,,
(Ace_Diamond Ten_Spade),Fold,(Queen_Diamond Jack_Spade),0.053143449,,,
(Ace_Diamond Ten_Spade),Fold,(Queen_Diamond Ace_Spade),0.014488249,,,
(Ace_Diamond Ten_Spade),Fold,(Queen_Diamond King_Spade),0.00303172,,,
(Ace_Diamond Ten_Spade),Fold,(Queen_Diamond Queen_Spade),0.061732106,,,
(Ace_Diamond Ten_Spade),Fold,(Queen_Diamond Ten_Spade),0.076795951,,,
(Ace_Diamond Ten_Spade),Fold,(Ten_Diamond Jack_Spade),0.036791202,,,
(Ace_Diamond Ten_Spade),Fold,(Ten_Diamond Ace_Spade),0.047116151,,,
(Ace_Diamond Ten_Spade),Fold,(Ten_Diamond King_Spade),0.053936167,,,
(Ace_Diamond Ten_Spade),Fold,(Ten_Diamond Queen_Spade),0.073882003,,,
(Ace_Diamond Ten_Spade),Fold,(Ten_Diamond Ten_Spade),0.057368894,,,
(King_Diamond Jack_Spade),Fold,(Jack_Diamonds Jack_Spade),0.066144936,,,
(King_Diamond Jack_Spade),Fold,(Jack_Diamonds Ace_Spade),0.039780232,,,
(King_Diamond Jack_Spade),Fold,(Jack_Diamonds King_Spade),0.040154966,,,
(King_Diamond Jack_Spade),Fold,(Jack_Diamonds Queen_Spade),0.013290252,,,
(King_Diamond Jack_Spade),Fold,(Jack_Diamonds Ten_Spade),0.021862431,,,
(King_Diamond Jack_Spade),Fold,(Ace_Diamond Jack_Spade),0.047803591,,,
(King_Diamond Jack_Spade),Fold,(Ace_Diamond Ace_Spade),0.002222147,,,
(King_Diamond Jack_Spade),Fold,(Ace_Diamond King_Spade),0.049520032,,,
(King_Diamond Jack_Spade),Fold,(Ace_Diamond Queen_Spade),0.05141733,,,
(King_Diamond Jack_Spade),Fold,(Ace_Diamond Ten_Spade),0.056083986,,,
(King_Diamond Jack_Spade),Fold,(King_Diamond Jack_Spade),0.05,,,
(King_Diamond Jack_Spade),Fold,(King_Diamond Ace_Spade),0.013715723,,,
(King_Diamond Jack_Spade),Fold,(King_Diamond King_Spade),0.03985118,,,
(King_Diamond Jack_Spade),Fold,(King_Diamond Queen_Spade),0.041840868,,,
(King_Diamond Jack_Spade),Fold,(King_Diamond Ten_Spade),0.022887221,,,
(King_Diamond Jack_Spade),Fold,(Queen_Diamond Jack_Spade),0.000690397,,,
(King_Diamond Jack_Spade),Fold,(Queen_Diamond Ace_Spade),0.060810795,,,
(King_Diamond Jack_Spade),Fold,(Queen_Diamond King_Spade),0.070585058,,,
(King_Diamond Jack_Spade),Fold,(Queen_Diamond Queen_Spade),0.047889593,,,
(King_Diamond Jack_Spade),Fold,(Queen_Diamond Ten_Spade),0.027288726,,,
(King_Diamond Jack_Spade),Fold,(Ten_Diamond Jack_Spade),0.046479218,,,
(King_Diamond Jack_Spade),Fold,(Ten_Diamond Ace_Spade),0.042056244,,,
(King_Diamond Jack_Spade),Fold,(Ten_Diamond King_Spade),0.05820546,,,
(King_Diamond Jack_Spade),Fold,(Ten_Diamond Queen_Spade),0.074968572,,,
(King_Diamond Jack_Spade),Fold,(Ten_Diamond Ten_Spade),0.014451038,,,
(King_Diamond Ace_Spade),Play,(Jack_Diamonds Jack_Spade),0.067350794,,,
(King_Diamond Ace_Spade),Play,(Jack_Diamonds Ace_Spade),0.009678149,,,
(King_Diamond Ace_Spade),Play,(Jack_Diamonds King_Spade),0.018714788,,,
(King_Diamond Ace_Spade),Play,(Jack_Diamonds Queen_Spade),0.002390545,,,
(King_Diamond Ace_Spade),Play,(Jack_Diamonds Ten_Spade),0.0651876,,,
(King_Diamond Ace_Spade),Play,(Ace_Diamond Jack_Spade),0.067815599,,,
(King_Diamond Ace_Spade),Play,(Ace_Diamond Ace_Spade),0.015749087,,,
(King_Diamond Ace_Spade),Play,(Ace_Diamond King_Spade),0.067871934,,,
(King_Diamond Ace_Spade),Play,(Ace_Diamond Queen_Spade),0.036094375,,,
(King_Diamond Ace_Spade),Play,(Ace_Diamond Ten_Spade),0.017610243,,,
(King_Diamond Ace_Spade),Play,(King_Diamond Jack_Spade),0.061758834,,,
(King_Diamond Ace_Spade),Play,(King_Diamond Ace_Spade),0.05,,,
(King_Diamond Ace_Spade),Play,(King_Diamond King_Spade),0.0439381,,,
(King_Diamond Ace_Spade),Play,(King_Diamond Queen_Spade),0.007071429,,,
(King_Diamond Ace_Spade),Play,(King_Diamond Ten_Spade),0.037409238,,,
(King_Diamond Ace_Spade),Play,(Queen_Diamond Jack_Spade),0.033789324,,,
(King_Diamond Ace_Spade),Play,(Queen_Diamond Ace_Spade),0.064806556,,,
(King_Diamond Ace_Spade),Play,(Queen_Diamond King_Spade),0.044270598,,,
(King_Diamond Ace_Spade),Play,(Queen_Diamond Queen_Spade),0.035239317,,,
(King_Diamond Ace_Spade),Play,(Queen_Diamond Ten_Spade),0.068353362,,,
(King_Diamond Ace_Spade),Play,(Ten_Diamond Jack_Spade),0.063802406,,,
(King_Diamond Ace_Spade),Play,(Ten_Diamond Ace_Spade),0.030569774,,,
(King_Diamond Ace_Spade),Play,(Ten_Diamond King_Spade),0.008410367,,,
(King_Diamond Ace_Spade),Play,(Ten_Diamond Queen_Spade),0.03174392,,,
(King_Diamond Ace_Spade),Play,(Ten_Diamond Ten_Spade),0.050373663,,,
(King_Diamond King_Spade),Play,(Jack_Diamonds Jack_Spade),0.046163559,,,
(King_Diamond King_Spade),Play,(Jack_Diamonds Ace_Spade),0.036898168,,,
(King_Diamond King_Spade),Play,(Jack_Diamonds King_Spade),0.052831648,,,
(King_Diamond King_Spade),Play,(Jack_Diamonds Queen_Spade),0.003932914,,,
(King_Diamond King_Spade),Play,(Jack_Diamonds Ten_Spade),0.063550835,,,
(King_Diamond King_Spade),Play,(Ace_Diamond Jack_Spade),0.053250614,,,
(King_Diamond King_Spade),Play,(Ace_Diamond Ace_Spade),0.011204527,,,
(King_Diamond King_Spade),Play,(Ace_Diamond King_Spade),0.056492536,,,
(King_Diamond King_Spade),Play,(Ace_Diamond Queen_Spade),0.04865695,,,
(King_Diamond King_Spade),Play,(Ace_Diamond Ten_Spade),0.025642649,,,
(King_Diamond King_Spade),Play,(King_Diamond Jack_Spade),0.060162192,,,
(King_Diamond King_Spade),Play,(King_Diamond Ace_Spade),0.018087181,,,
(King_Diamond King_Spade),Play,(King_Diamond King_Spade),0.05,,,
(King_Diamond King_Spade),Play,(King_Diamond Queen_Spade),0.05976973,,,
(King_Diamond King_Spade),Play,(King_Diamond Ten_Spade),0.015869483,,,
(King_Diamond King_Spade),Play,(Queen_Diamond Jack_Spade),0.055886497,,,
(King_Diamond King_Spade),Play,(Queen_Diamond Ace_Spade),0.032927418,,,
(King_Diamond King_Spade),Play,(Queen_Diamond King_Spade),0.056902686,,,
(King_Diamond King_Spade),Play,(Queen_Diamond Queen_Spade),0.03740321,,,
(King_Diamond King_Spade),Play,(Queen_Diamond Ten_Spade),0.016872531,,,
(King_Diamond King_Spade),Play,(Ten_Diamond Jack_Spade),0.054653337,,,
(King_Diamond King_Spade),Play,(Ten_Diamond Ace_Spade),0.02456337,,,
(King_Diamond King_Spade),Play,(Ten_Diamond King_Spade),0.025378855,,,
(King_Diamond King_Spade),Play,(Ten_Diamond Queen_Spade),0.044349399,,,
(King_Diamond King_Spade),Play,(Ten_Diamond Ten_Spade),0.04854971,,,
(King_Diamond Queen_Spade),Play,(Jack_Diamonds Jack_Spade),0.046077469,,,
(King_Diamond Queen_Spade),Play,(Jack_Diamonds Ace_Spade),0.063307254,,,
(King_Diamond Queen_Spade),Play,(Jack_Diamonds King_Spade),0.061816802,,,
(King_Diamond Queen_Spade),Play,(Jack_Diamonds Queen_Spade),0.023749127,,,
(King_Diamond Queen_Spade),Play,(Jack_Diamonds Ten_Spade),0.002463471,,,
(King_Diamond Queen_Spade),Play,(Ace_Diamond Jack_Spade),0.050432885,,,
(King_Diamond Queen_Spade),Play,(Ace_Diamond Ace_Spade),0.03004501,,,
(King_Diamond Queen_Spade),Play,(Ace_Diamond King_Spade),0.051751307,,,
(King_Diamond Queen_Spade),Play,(Ace_Diamond Queen_Spade),0.066628723,,,
(King_Diamond Queen_Spade),Play,(Ace_Diamond Ten_Spade),0.04662225,,,
(King_Diamond Queen_Spade),Play,(King_Diamond Jack_Spade),0.004907424,,,
(King_Diamond Queen_Spade),Play,(King_Diamond Ace_Spade),0.016616828,,,
(King_Diamond Queen_Spade),Play,(King_Diamond King_Spade),0.052865356,,,
(King_Diamond Queen_Spade),Play,(King_Diamond Queen_Spade),0.05,,,
(King_Diamond Queen_Spade),Play,(King_Diamond Ten_Spade),0.018265976,,,
(King_Diamond Queen_Spade),Play,(Queen_Diamond Jack_Spade),0.037937622,,,
(King_Diamond Queen_Spade),Play,(Queen_Diamond Ace_Spade),0.068038987,,,
(King_Diamond Queen_Spade),Play,(Queen_Diamond King_Spade),0.052510783,,,
(King_Diamond Queen_Spade),Play,(Queen_Diamond Queen_Spade),0.031608865,,,
(King_Diamond Queen_Spade),Play,(Queen_Diamond Ten_Spade),0.038224562,,,
(King_Diamond Queen_Spade),Play,(Ten_Diamond Jack_Spade),0.03830942,,,
(King_Diamond Queen_Spade),Play,(Ten_Diamond Ace_Spade),0.033985933,,,
(King_Diamond Queen_Spade),Play,(Ten_Diamond King_Spade),0.017686036,,,
(King_Diamond Queen_Spade),Play,(Ten_Diamond Queen_Spade),0.051279281,,,
(King_Diamond Queen_Spade),Play,(Ten_Diamond Ten_Spade),0.04486863,,,
(King_Diamond Ten_Spade),Fold,(Jack_Diamonds Jack_Spade),0.028331256,,,
(King_Diamond Ten_Spade),Fold,(Jack_Diamonds Ace_Spade),0.01689662,,,
(King_Diamond Ten_Spade),Fold,(Jack_Diamonds King_Spade),0.027492596,,,
(King_Diamond Ten_Spade),Fold,(Jack_Diamonds Queen_Spade),0.065704238,,,
(King_Diamond Ten_Spade),Fold,(Jack_Diamonds Ten_Spade),0.049221443,,,
(King_Diamond Ten_Spade),Fold,(Ace_Diamond Jack_Spade),0.032463375,,,
(King_Diamond Ten_Spade),Fold,(Ace_Diamond Ace_Spade),0.037163341,,,
(King_Diamond Ten_Spade),Fold,(Ace_Diamond King_Spade),0.010410007,,,
(King_Diamond Ten_Spade),Fold,(Ace_Diamond Queen_Spade),0.011440681,,,
(King_Diamond Ten_Spade),Fold,(Ace_Diamond Ten_Spade),0.050586064,,,
(King_Diamond Ten_Spade),Fold,(King_Diamond Jack_Spade),0.036139393,,,
(King_Diamond Ten_Spade),Fold,(King_Diamond Ace_Spade),0.063063958,,,
(King_Diamond Ten_Spade),Fold,(King_Diamond King_Spade),0.05238794,,,
(King_Diamond Ten_Spade),Fold,(King_Diamond Queen_Spade),0.048973447,,,
(King_Diamond Ten_Spade),Fold,(King_Diamond Ten_Spade),0.05,,,
(King_Diamond Ten_Spade),Fold,(Queen_Diamond Jack_Spade),0.068747896,,,
(King_Diamond Ten_Spade),Fold,(Queen_Diamond Ace_Spade),0.038415735,,,
(King_Diamond Ten_Spade),Fold,(Queen_Diamond King_Spade),0.017441228,,,
(King_Diamond Ten_Spade),Fold,(Queen_Diamond Queen_Spade),0.064805161,,,
(King_Diamond Ten_Spade),Fold,(Queen_Diamond Ten_Spade),0.018058379,,,
(King_Diamond Ten_Spade),Fold,(Ten_Diamond Jack_Spade),0.019725824,,,
(King_Diamond Ten_Spade),Fold,(Ten_Diamond Ace_Spade),0.048623535,,,
(King_Diamond Ten_Spade),Fold,(Ten_Diamond King_Spade),0.056469375,,,
(King_Diamond Ten_Spade),Fold,(Ten_Diamond Queen_Spade),0.034968209,,,
(King_Diamond Ten_Spade),Fold,(Ten_Diamond Ten_Spade),0.052470298,,,
(Queen_Diamond Jack_Spade),Play,(Jack_Diamonds Jack_Spade),0.029078655,,,
(Queen_Diamond Jack_Spade),Play,(Jack_Diamonds Ace_Spade),0.036628679,,,
(Queen_Diamond Jack_Spade),Play,(Jack_Diamonds King_Spade),0.019376726,,,
(Queen_Diamond Jack_Spade),Play,(Jack_Diamonds Queen_Spade),0.057861414,,,
(Queen_Diamond Jack_Spade),Play,(Jack_Diamonds Ten_Spade),0.002461223,,,
(Queen_Diamond Jack_Spade),Play,(Ace_Diamond Jack_Spade),0.01620447,,,
(Queen_Diamond Jack_Spade),Play,(Ace_Diamond Ace_Spade),0.036429259,,,
(Queen_Diamond Jack_Spade),Play,(Ace_Diamond King_Spade),0.028246647,,,
(Queen_Diamond Jack_Spade),Play,(Ace_Diamond Queen_Spade),0.068998772,,,
(Queen_Diamond Jack_Spade),Play,(Ace_Diamond Ten_Spade),0.051095877,,,
(Queen_Diamond Jack_Spade),Play,(King_Diamond Jack_Spade),0.000890612,,,
(Queen_Diamond Jack_Spade),Play,(King_Diamond Ace_Spade),0.044827457,,,
(Queen_Diamond Jack_Spade),Play,(King_Diamond King_Spade),0.076296735,,,
(Queen_Diamond Jack_Spade),Play,(King_Diamond Queen_Spade),0.062724559,,,
(Queen_Diamond Jack_Spade),Play,(King_Diamond Ten_Spade),0.027437953,,,
(Queen_Diamond Jack_Spade),Play,(Queen_Diamond Jack_Spade),0.05,,,
(Queen_Diamond Jack_Spade),Play,(Queen_Diamond Ace_Spade),0.047511697,,,
(Queen_Diamond Jack_Spade),Play,(Queen_Diamond King_Spade),0.052602759,,,
(Queen_Diamond Jack_Spade),Play,(Queen_Diamond Queen_Spade),0.076912775,,,
(Queen_Diamond Jack_Spade),Play,(Queen_Diamond Ten_Spade),0.020712879,,,
(Queen_Diamond Jack_Spade),Play,(Ten_Diamond Jack_Spade),0.046370798,,,
(Queen_Diamond Jack_Spade),Play,(Ten_Diamond Ace_Spade),0.071489128,,,
(Queen_Diamond Jack_Spade),Play,(Ten_Diamond King_Spade),0.000728234,,,
(Queen_Diamond Jack_Spade),Play,(Ten_Diamond Queen_Spade),0.027039281,,,
(Queen_Diamond Jack_Spade),Play,(Ten_Diamond Ten_Spade),0.04807341,,,
(Queen_Diamond Ace_Spade),Fold,(Jack_Diamonds Jack_Spade),0.067199593,,,
(Queen_Diamond Ace_Spade),Fold,(Jack_Diamonds Ace_Spade),0.059257993,,,
(Queen_Diamond Ace_Spade),Fold,(Jack_Diamonds King_Spade),0.00639508,,,
(Queen_Diamond Ace_Spade),Fold,(Jack_Diamonds Queen_Spade),0.024137661,,,
(Queen_Diamond Ace_Spade),Fold,(Jack_Diamonds Ten_Spade),0.03629714,,,
(Queen_Diamond Ace_Spade),Fold,(Ace_Diamond Jack_Spade),0.030434558,,,
(Queen_Diamond Ace_Spade),Fold,(Ace_Diamond Ace_Spade),0.034729734,,,
(Queen_Diamond Ace_Spade),Fold,(Ace_Diamond King_Spade),0.017542822,,,
(Queen_Diamond Ace_Spade),Fold,(Ace_Diamond Queen_Spade),0.021339107,,,
(Queen_Diamond Ace_Spade),Fold,(Ace_Diamond Ten_Spade),0.014195627,,,
(Queen_Diamond Ace_Spade),Fold,(King_Diamond Jack_Spade),0.065253015,,,
(Queen_Diamond Ace_Spade),Fold,(King_Diamond Ace_Spade),0.050955987,,,
(Queen_Diamond Ace_Spade),Fold,(King_Diamond King_Spade),0.059175848,,,
(Queen_Diamond Ace_Spade),Fold,(King_Diamond Queen_Spade),0.069674475,,,
(Queen_Diamond Ace_Spade),Fold,(King_Diamond Ten_Spade),0.015992748,,,
(Queen_Diamond Ace_Spade),Fold,(Queen_Diamond Jack_Spade),0.057011881,,,
(Queen_Diamond Ace_Spade),Fold,(Queen_Diamond Ace_Spade),0.05,,,
(Queen_Diamond Ace_Spade),Fold,(Queen_Diamond King_Spade),0.031113449,,,
(Queen_Diamond Ace_Spade),Fold,(Queen_Diamond Queen_Spade),0.046127829,,,
(Queen_Diamond Ace_Spade),Fold,(Queen_Diamond Ten_Spade),0.011361797,,,
(Queen_Diamond Ace_Spade),Fold,(Ten_Diamond Jack_Spade),0.068899494,,,
(Queen_Diamond Ace_Spade),Fold,(Ten_Diamond Ace_Spade),0.030262128,,,
(Queen_Diamond Ace_Spade),Fold,(Ten_Diamond King_Spade),0.026800137,,,
(Queen_Diamond Ace_Spade),Fold,(Ten_Diamond Queen_Spade),0.074079392,,,
(Queen_Diamond Ace_Spade),Fold,(Ten_Diamond Ten_Spade),0.031762506,,,
(Queen_Diamond King_Spade),Play,(Jack_Diamonds Jack_Spade),0.06912359,,,
(Queen_Diamond King_Spade),Play,(Jack_Diamonds Ace_Spade),0.010468589,,,
(Queen_Diamond King_Spade),Play,(Jack_Diamonds King_Spade),0.030606775,,,
(Queen_Diamond King_Spade),Play,(Jack_Diamonds Queen_Spade),0.034839227,,,
(Queen_Diamond King_Spade),Play,(Jack_Diamonds Ten_Spade),0.012045227,,,
(Queen_Diamond King_Spade),Play,(Ace_Diamond Jack_Spade),0.033123165,,,
(Queen_Diamond King_Spade),Play,(Ace_Diamond Ace_Spade),0.0887676,,,
(Queen_Diamond King_Spade),Play,(Ace_Diamond King_Spade),0.018995925,,,
(Queen_Diamond King_Spade),Play,(Ace_Diamond Queen_Spade),0.086786825,,,
(Queen_Diamond King_Spade),Play,(Ace_Diamond Ten_Spade),0.028984303,,,
(Queen_Diamond King_Spade),Play,(King_Diamond Jack_Spade),0.066912022,,,
(Queen_Diamond King_Spade),Play,(King_Diamond Ace_Spade),0.056484708,,,
(Queen_Diamond King_Spade),Play,(King_Diamond King_Spade),0.041275906,,,
(Queen_Diamond King_Spade),Play,(King_Diamond Queen_Spade),0.037175042,,,
(Queen_Diamond King_Spade),Play,(King_Diamond Ten_Spade),0.029126479,,,
(Queen_Diamond King_Spade),Play,(Queen_Diamond Jack_Spade),0.03659657,,,
(Queen_Diamond King_Spade),Play,(Queen_Diamond Ace_Spade),0.015393357,,,
(Queen_Diamond King_Spade),Play,(Queen_Diamond King_Spade),0.05,,,
(Queen_Diamond King_Spade),Play,(Queen_Diamond Queen_Spade),0.035725288,,,
(Queen_Diamond King_Spade),Play,(Queen_Diamond Ten_Spade),0.0591087,,,
(Queen_Diamond King_Spade),Play,(Ten_Diamond Jack_Spade),0.023609397,,,
(Queen_Diamond King_Spade),Play,(Ten_Diamond Ace_Spade),0.034105847,,,
(Queen_Diamond King_Spade),Play,(Ten_Diamond King_Spade),0.028246464,,,
(Queen_Diamond King_Spade),Play,(Ten_Diamond Queen_Spade),0.059768898,,,
(Queen_Diamond King_Spade),Play,(Ten_Diamond Ten_Spade),0.012730095,,,
(Queen_Diamond Queen_Spade),Play,(Jack_Diamonds Jack_Spade),0.041484404,,,
(Queen_Diamond Queen_Spade),Play,(Jack_Diamonds Ace_Spade),0.032240657,,,
(Queen_Diamond Queen_Spade),Play,(Jack_Diamonds King_Spade),0.062081285,,,
(Queen_Diamond Queen_Spade),Play,(Jack_Diamonds Queen_Spade),0.013665012,,,
(Queen_Diamond Queen_Spade),Play,(Jack_Diamonds Ten_Spade),0.008826734,,,
(Queen_Diamond Queen_Spade),Play,(Ace_Diamond Jack_Spade),0.031738779,,,
(Queen_Diamond Queen_Spade),Play,(Ace_Diamond Ace_Spade),0.051786329,,,
(Queen_Diamond Queen_Spade),Play,(Ace_Diamond King_Spade),0.069228541,,,
(Queen_Diamond Queen_Spade),Play,(Ace_Diamond Queen_Spade),0.055176745,,,
(Queen_Diamond Queen_Spade),Play,(Ace_Diamond Ten_Spade),0.043239375,,,
(Queen_Diamond Queen_Spade),Play,(King_Diamond Jack_Spade),0.018479089,,,
(Queen_Diamond Queen_Spade),Play,(King_Diamond Ace_Spade),0.027311338,,,
(Queen_Diamond Queen_Spade),Play,(King_Diamond King_Spade),0.001769676,,,
(Queen_Diamond Queen_Spade),Play,(King_Diamond Queen_Spade),0.081598116,,,
(Queen_Diamond Queen_Spade),Play,(King_Diamond Ten_Spade),0.038046324,,,
(Queen_Diamond Queen_Spade),Play,(Queen_Diamond Jack_Spade),0.013576812,,,
(Queen_Diamond Queen_Spade),Play,(Queen_Diamond Ace_Spade),0.02039114,,,
(Queen_Diamond Queen_Spade),Play,(Queen_Diamond King_Spade),0.080721543,,,
(Queen_Diamond Queen_Spade),Play,(Queen_Diamond Queen_Spade),0.05,,,
(Queen_Diamond Queen_Spade),Play,(Queen_Diamond Ten_Spade),0.080673567,,,
(Queen_Diamond Queen_Spade),Play,(Ten_Diamond Jack_Spade),0.040052963,,,
(Queen_Diamond Queen_Spade),Play,(Ten_Diamond Ace_Spade),0.071319639,,,
(Queen_Diamond Queen_Spade),Play,(Ten_Diamond King_Spade),0.024426928,,,
(Queen_Diamond Queen_Spade),Play,(Ten_Diamond Queen_Spade),0.027799596,,,
(Queen_Diamond Queen_Spade),Play,(Ten_Diamond Ten_Spade),0.014365407,,,
(Queen_Diamond Ten_Spade),Fold,(Jack_Diamonds Jack_Spade),0.017598621,,,
(Queen_Diamond Ten_Spade),Fold,(Jack_Diamonds Ace_Spade),0.050549871,,,
(Queen_Diamond Ten_Spade),Fold,(Jack_Diamonds King_Spade),0.017317918,,,
(Queen_Diamond Ten_Spade),Fold,(Jack_Diamonds Queen_Spade),0.065665286,,,
(Queen_Diamond Ten_Spade),Fold,(Jack_Diamonds Ten_Spade),0.030696803,,,
(Queen_Diamond Ten_Spade),Fold,(Ace_Diamond Jack_Spade),0.062165647,,,
(Queen_Diamond Ten_Spade),Fold,(Ace_Diamond Ace_Spade),0.028340037,,,
(Queen_Diamond Ten_Spade),Fold,(Ace_Diamond King_Spade),0.018118514,,,
(Queen_Diamond Ten_Spade),Fold,(Ace_Diamond Queen_Spade),0.006646849,,,
(Queen_Diamond Ten_Spade),Fold,(Ace_Diamond Ten_Spade),0.079789845,,,
(Queen_Diamond Ten_Spade),Fold,(King_Diamond Jack_Spade),0.034690728,,,
(Queen_Diamond Ten_Spade),Fold,(King_Diamond Ace_Spade),0.054729111,,,
(Queen_Diamond Ten_Spade),Fold,(King_Diamond King_Spade),0.019806729,,,
(Queen_Diamond Ten_Spade),Fold,(King_Diamond Queen_Spade),0.061785906,,,
(Queen_Diamond Ten_Spade),Fold,(King_Diamond Ten_Spade),0.055194208,,,
(Queen_Diamond Ten_Spade),Fold,(Queen_Diamond Jack_Spade),0.021464177,,,
(Queen_Diamond Ten_Spade),Fold,(Queen_Diamond Ace_Spade),0.019695064,,,
(Queen_Diamond Ten_Spade),Fold,(Queen_Diamond King_Spade),0.01579385,,,
(Queen_Diamond Ten_Spade),Fold,(Queen_Diamond Queen_Spade),0.024413329,,,
(Queen_Diamond Ten_Spade),Fold,(Queen_Diamond Ten_Spade),0.05,,,
(Queen_Diamond Ten_Spade),Fold,(Ten_Diamond Jack_Spade),0.029303409,,,
(Queen_Diamond Ten_Spade),Fold,(Ten_Diamond Ace_Spade),0.011180413,,,
(Queen_Diamond Ten_Spade),Fold,(Ten_Diamond King_Spade),0.040741286,,,
(Queen_Diamond Ten_Spade),Fold,(Ten_Diamond Queen_Spade),0.091804272,,,
(Queen_Diamond Ten_Spade),Fold,(Ten_Diamond Ten_Spade),0.092508128,,,
(Ten_Diamond Jack_Spade),Play,(Jack_Diamonds Jack_Spade),0.03875,,,
(Ten_Diamond Jack_Spade),Play,(Jack_Diamonds Ace_Spade),0.03875,,,
(Ten_Diamond Jack_Spade),Play,(Jack_Diamonds King_Spade),0.03875,,,
(Ten_Diamond Jack_Spade),Play,(Jack_Diamonds Queen_Spade),0.03875,,,
(Ten_Diamond Jack_Spade),Play,(Jack_Diamonds Ten_Spade),0.03875,,,
(Ten_Diamond Jack_Spade),Play,(Ace_Diamond Jack_Spade),0.03875,,,
(Ten_Diamond Jack_Spade),Play,(Ace_Diamond Ace_Spade),0.03875,,,
(Ten_Diamond Jack_Spade),Play,(Ace_Diamond King_Spade),0.03875,,,
(Ten_Diamond Jack_Spade),Play,(Ace_Diamond Queen_Spade),0.03875,,,
(Ten_Diamond Jack_Spade),Play,(Ace_Diamond Ten_Spade),0.03875,,,
(Ten_Diamond Jack_Spade),Play,(King_Diamond Jack_Spade),0.03875,,,
(Ten_Diamond Jack_Spade),Play,(King_Diamond Ace_Spade),0.03875,,,
(Ten_Diamond Jack_Spade),Play,(King_Diamond King_Spade),0.03875,,,
(Ten_Diamond Jack_Spade),Play,(King_Diamond Queen_Spade),0.03875,,,
(Ten_Diamond Jack_Spade),Play,(King_Diamond Ten_Spade),0.03875,,,
(Ten_Diamond Jack_Spade),Play,(Queen_Diamond Jack_Spade),0.03875,,,
(Ten_Diamond Jack_Spade),Play,(Queen_Diamond Ace_Spade),0.03875,,,
(Ten_Diamond Jack_Spade),Play,(Queen_Diamond King_Spade),0.03875,,,
(Ten_Diamond Jack_Spade),Play,(Queen_Diamond Queen_Spade),0.03875,,,
(Ten_Diamond Jack_Spade),Play,(Queen_Diamond Ten_Spade),0.03875,,,
(Ten_Diamond Jack_Spade),Play,(Ten_Diamond Jack_Spade),0.05,,,
(Ten_Diamond Jack_Spade),Play,(Ten_Diamond Ace_Spade),0.03875,,,
(Ten_Diamond Jack_Spade),Play,(Ten_Diamond King_Spade),0.03875,,,
(Ten_Diamond Jack_Spade),Play,(Ten_Diamond Queen_Spade),0.03875,,,
(Ten_Diamond Jack_Spade),Play,(Ten_Diamond Ten_Spade),0.03875,,,
(Ten_Diamond Ace_Spade),Fold,(Jack_Diamonds Jack_Spade),0.03875,,,
(Ten_Diamond Ace_Spade),Fold,(Jack_Diamonds Ace_Spade),0.03875,,,
(Ten_Diamond Ace_Spade),Fold,(Jack_Diamonds King_Spade),0.03875,,,
(Ten_Diamond Ace_Spade),Fold,(Jack_Diamonds Queen_Spade),0.03875,,,
(Ten_Diamond Ace_Spade),Fold,(Jack_Diamonds Ten_Spade),0.03875,,,
(Ten_Diamond Ace_Spade),Fold,(Ace_Diamond Jack_Spade),0.03875,,,
(Ten_Diamond Ace_Spade),Fold,(Ace_Diamond Ace_Spade),0.03875,,,
(Ten_Diamond Ace_Spade),Fold,(Ace_Diamond King_Spade),0.03875,,,
(Ten_Diamond Ace_Spade),Fold,(Ace_Diamond Queen_Spade),0.03875,,,
(Ten_Diamond Ace_Spade),Fold,(Ace_Diamond Ten_Spade),0.03875,,,
(Ten_Diamond Ace_Spade),Fold,(King_Diamond Jack_Spade),0.03875,,,
(Ten_Diamond Ace_Spade),Fold,(King_Diamond Ace_Spade),0.03875,,,
(Ten_Diamond Ace_Spade),Fold,(King_Diamond King_Spade),0.03875,,,
(Ten_Diamond Ace_Spade),Fold,(King_Diamond Queen_Spade),0.03875,,,
(Ten_Diamond Ace_Spade),Fold,(King_Diamond Ten_Spade),0.03875,,,
(Ten_Diamond Ace_Spade),Fold,(Queen_Diamond Jack_Spade),0.03875,,,
(Ten_Diamond Ace_Spade),Fold,(Queen_Diamond Ace_Spade),0.03875,,,
(Ten_Diamond Ace_Spade),Fold,(Queen_Diamond King_Spade),0.03875,,,
(Ten_Diamond Ace_Spade),Fold,(Queen_Diamond Queen_Spade),0.03875,,,
(Ten_Diamond Ace_Spade),Fold,(Queen_Diamond Ten_Spade),0.03875,,,
(Ten_Diamond Ace_Spade),Fold,(Ten_Diamond Jack_Spade),0.03875,,,
(Ten_Diamond Ace_Spade),Fold,(Ten_Diamond Ace_Spade),0.05,,,
(Ten_Diamond Ace_Spade),Fold,(Ten_Diamond King_Spade),0.03875,,,
(Ten_Diamond Ace_Spade),Fold,(Ten_Diamond Queen_Spade),0.03875,,,
(Ten_Diamond Ace_Spade),Fold,(Ten_Diamond Ten_Spade),0.03875,,,
(Ten_Diamond King_Spade),Fold,(Jack_Diamonds Jack_Spade),0.078918216,,,
(Ten_Diamond King_Spade),Fold,(Jack_Diamonds Ace_Spade),0.057777776,,,
(Ten_Diamond King_Spade),Fold,(Jack_Diamonds King_Spade),0.060566748,,,
(Ten_Diamond King_Spade),Fold,(Jack_Diamonds Queen_Spade),0.0124406,,,
(Ten_Diamond King_Spade),Fold,(Jack_Diamonds Ten_Spade),0.0017304,,,
(Ten_Diamond King_Spade),Fold,(Ace_Diamond Jack_Spade),0.057630407,,,
(Ten_Diamond King_Spade),Fold,(Ace_Diamond Ace_Spade),0.004458454,,,
(Ten_Diamond King_Spade),Fold,(Ace_Diamond King_Spade),0.073606097,,,
(Ten_Diamond King_Spade),Fold,(Ace_Diamond Queen_Spade),0.047038002,,,
(Ten_Diamond King_Spade),Fold,(Ace_Diamond Ten_Spade),0.011702459,,,
(Ten_Diamond King_Spade),Fold,(King_Diamond Jack_Spade),0.01676424,,,
(Ten_Diamond King_Spade),Fold,(King_Diamond Ace_Spade),0.059728023,,,
(Ten_Diamond King_Spade),Fold,(King_Diamond King_Spade),0.003304162,,,
(Ten_Diamond King_Spade),Fold,(King_Diamond Queen_Spade),0.060386198,,,
(Ten_Diamond King_Spade),Fold,(King_Diamond Ten_Spade),0.084106033,,,
(Ten_Diamond King_Spade),Fold,(Queen_Diamond Jack_Spade),0.028171142,,,
(Ten_Diamond King_Spade),Fold,(Queen_Diamond Ace_Spade),0.029351021,,,
(Ten_Diamond King_Spade),Fold,(Queen_Diamond King_Spade),0.048454182,,,
(Ten_Diamond King_Spade),Fold,(Queen_Diamond Queen_Spade),0.041935494,,,
(Ten_Diamond King_Spade),Fold,(Queen_Diamond Ten_Spade),0.009922192,,,
(Ten_Diamond King_Spade),Fold,(Ten_Diamond Jack_Spade),0.018733369,,,
(Ten_Diamond King_Spade),Fold,(Ten_Diamond Ace_Spade),0.059911583,,,
(Ten_Diamond King_Spade),Fold,(Ten_Diamond King_Spade),0.05,,,
(Ten_Diamond King_Spade),Fold,(Ten_Diamond Queen_Spade),0.012896437,,,
(Ten_Diamond King_Spade),Fold,(Ten_Diamond Ten_Spade),0.070466765,,,
(Ten_Diamond Queen_Spade),Fold,(Jack_Diamonds Jack_Spade),0.004487022,,,
(Ten_Diamond Queen_Spade),Fold,(Jack_Diamonds Ace_Spade),0.069577663,,,
(Ten_Diamond Queen_Spade),Fold,(Jack_Diamonds King_Spade),0.026769374,,,
(Ten_Diamond Queen_Spade),Fold,(Jack_Diamonds Queen_Spade),0.008738083,,,
(Ten_Diamond Queen_Spade),Fold,(Jack_Diamonds Ten_Spade),0.068350466,,,
(Ten_Diamond Queen_Spade),Fold,(Ace_Diamond Jack_Spade),0.049368026,,,
(Ten_Diamond Queen_Spade),Fold,(Ace_Diamond Ace_Spade),0.004183287,,,
(Ten_Diamond Queen_Spade),Fold,(Ace_Diamond King_Spade),0.021944384,,,
(Ten_Diamond Queen_Spade),Fold,(Ace_Diamond Queen_Spade),0.010169618,,,
(Ten_Diamond Queen_Spade),Fold,(Ace_Diamond Ten_Spade),0.071168611,,,
(Ten_Diamond Queen_Spade),Fold,(King_Diamond Jack_Spade),0.066179272,,,
(Ten_Diamond Queen_Spade),Fold,(King_Diamond Ace_Spade),0.041057532,,,
(Ten_Diamond Queen_Spade),Fold,(King_Diamond King_Spade),0.028691305,,,
(Ten_Diamond Queen_Spade),Fold,(King_Diamond Queen_Spade),0.040041515,,,
(Ten_Diamond Queen_Spade),Fold,(King_Diamond Ten_Spade),0.012132087,,,
(Ten_Diamond Queen_Spade),Fold,(Queen_Diamond Jack_Spade),0.056455547,,,
(Ten_Diamond Queen_Spade),Fold,(Queen_Diamond Ace_Spade),0.050111722,,,
(Ten_Diamond Queen_Spade),Fold,(Queen_Diamond King_Spade),0.059208687,,,
(Ten_Diamond Queen_Spade),Fold,(Queen_Diamond Queen_Spade),0.055965706,,,
(Ten_Diamond Queen_Spade),Fold,(Queen_Diamond Ten_Spade),0.026627146,,,
(Ten_Diamond Queen_Spade),Fold,(Ten_Diamond Jack_Spade),0.048076711,,,
(Ten_Diamond Queen_Spade),Fold,(Ten_Diamond Ace_Spade),0.0217842,,,
(Ten_Diamond Queen_Spade),Fold,(Ten_Diamond King_Spade),0.050859582,,,
(Ten_Diamond Queen_Spade),Fold,(Ten_Diamond Queen_Spade),0.05,,,
(Ten_Diamond Queen_Spade),Fold,(Ten_Diamond Ten_Spade),0.058052456,,,
(Ten_Diamond Ten_Spade),Play,(Jack_Diamonds Jack_Spade),0.036315892,,,
(Ten_Diamond Ten_Spade),Play,(Jack_Diamonds Ace_Spade),0.060595077,,,
(Ten_Diamond Ten_Spade),Play,(Jack_Diamonds King_Spade),0.025667816,,,
(Ten_Diamond Ten_Spade),Play,(Jack_Diamonds Queen_Spade),0.024157691,,,
(Ten_Diamond Ten_Spade),Play,(Jack_Diamonds Ten_Spade),0.010170315,,,
(Ten_Diamond Ten_Spade),Play,(Ace_Diamond Jack_Spade),0.039128943,,,
(Ten_Diamond Ten_Spade),Play,(Ace_Diamond Ace_Spade),0.014819909,,,
(Ten_Diamond Ten_Spade),Play,(Ace_Diamond King_Spade),0.061741287,,,
(Ten_Diamond Ten_Spade),Play,(Ace_Diamond Queen_Spade),0.069860132,,,
(Ten_Diamond Ten_Spade),Play,(Ace_Diamond Ten_Spade),0.036581962,,,
(Ten_Diamond Ten_Spade),Play,(King_Diamond Jack_Spade),0.067838428,,,
(Ten_Diamond Ten_Spade),Play,(King_Diamond Ace_Spade),0.046475563,,,
(Ten_Diamond Ten_Spade),Play,(King_Diamond King_Spade),0.048870277,,,
(Ten_Diamond Ten_Spade),Play,(King_Diamond Queen_Spade),0.023194911,,,
(Ten_Diamond Ten_Spade),Play,(King_Diamond Ten_Spade),0.036563487,,,
(Ten_Diamond Ten_Spade),Play,(Queen_Diamond Jack_Spade),0.023601706,,,
(Ten_Diamond Ten_Spade),Play,(Queen_Diamond Ace_Spade),0.013671156,,,
(Ten_Diamond Ten_Spade),Play,(Queen_Diamond King_Spade),0.043003881,,,
(Ten_Diamond Ten_Spade),Play,(Queen_Diamond Queen_Spade),0.033763289,,,
(Ten_Diamond Ten_Spade),Play,(Queen_Diamond Ten_Spade),0.060150325,,,
(Ten_Diamond Ten_Spade),Play,(Ten_Diamond Jack_Spade),0.036732511,,,
(Ten_Diamond Ten_Spade),Play,(Ten_Diamond Ace_Spade),0.051788218,,,
(Ten_Diamond Ten_Spade),Play,(Ten_Diamond King_Spade),0.042946124,,,
(Ten_Diamond Ten_Spade),Play,(Ten_Diamond Queen_Spade),0.042361098,,,
(Ten_Diamond Ten_Spade),Play,(Ten_Diamond Ten_Spade),0.05,,,
